{
  "T": 0.3076923076923077,
  "T_list": [
    0.006153846153846154,
    0.015384615384615385,
    0.03076923076923077,
    0.06153846153846154,
    0.15384615384615385,
    0.3076923076923077
  ],
  "ann_activation_str": "tanh",
  "ann_fourier_emb": null,
  "ann_hidden_dim": [
    64,
    64,
    64
  ],
  "ann_in_dim": 2,
  "ann_out_dim": 1,
  "ann_periodicity": null,
  "ann_reparam": false,
  "ann_str": "MLP",
  "dim": 2,
  "kappa": 0.2,
  "lam": 0.0,
  "loss_str": "PINN",
  "n_X": 65,
  "n_term_zero": 2000,
  "num_epochs": 20000,
  "pts_num": 30000,
  "rebal": {
    "ema_beta": 0.9,
    "every": 5000,
    "power": 0.1,
    "start_epoch": 500,
    "w_clip": [
      0.1,
      2.0
    ]
  },
  "seed": 42,
  "traj_Ndt": 400,
  "x_range": [
    -1.0,
    1.0
  ]
}