{
  "T": 0.3076923076923077,
  "T_list": [
    0.015384615384615385,
    0.03076923076923077,
    0.07692307692307693,
    0.15384615384615385,
    0.23076923076923078,
    0.3076923076923077
  ],
  "alphas": [
    0.25,
    0.5,
    0.75,
    1.0
  ],
  "ann_activation_str": "tanh",
  "ann_fourier_emb": null,
  "ann_hidden_dim": [
    32,
    32,
    32
  ],
  "ann_in_dim": 3,
  "ann_out_dim": 1,
  "ann_periodicity": null,
  "ann_reparam": false,
  "ann_str": "MLP",
  "dim": 3,
  "kappa": 0.2,
  "lam": 0.1,
  "loss_str": "PINN",
  "n_S": 41,
  "n_X": 200,
  "n_bc_zero": 2000,
  "n_term_zero": 200,
  "num_epochs": 5000,
  "pts_num": 20000,
  "rebal": {
    "ema_beta": 0.95,
    "every": 1000,
    "power": 0.1,
    "start_epoch": 500,
    "w_clip": [
      0.1,
      5.0
    ]
  },
  "s_range": [
    590,
    620
  ],
  "seed": 43,
  "sigma": 0.0038,
  "traj_Ndt": 50,
  "workdir": "/content/runs/pinn_oe",
  "x_range": [
    -1.0,
    1.0
  ]
}